,0.1,0.115139539932645,0.132571136559011,0.152641796717523,0.175751062485479,0.202358964772516,0.232995181051537,0.268269579527973,0.308884359647748,0.355648030622313,0.409491506238043,0.471486636345739,0.542867543932386,0.625055192527397,0.719685673001152,0.828642772854684,0.954095476349994,1.09854114198756,1.2648552168553,1.45634847750124,1.67683293681101,1.93069772888325,2.22299648252619,2.55954792269954,2.94705170255181,3.39322177189533,3.90693993705462,4.49843266896945,5.17947467923121,5.96362331659464,6.866488450043,7.9060432109077,9.10298177991522,10.4811313415469,12.0679264063933,13.8949549437314,15.9985871960606,18.4206996932672,21.2095088792019,24.4205309454865,28.1176869797423,32.3745754281764,37.2759372031494,42.9193426012878,49.4171336132383,56.8986602901829,65.5128556859551,75.4312006335462,86.8511373751352,100
1.96740456,0.719595117376678,0.697778563516388,0.672855112501273,0.644415171575893,0.612005388051039,0.57512720727285,0.533236536922438,0.485744951336811,0.432022952626853,0.371405881712273,0.303203128433637,0.226711306324111,0.14123200901539,0.0460946210175993,-0.0593156169612075,-0.175524517579777,-0.30293166203117,-0.441770511785855,-0.59206837187793,-0.753609518640666,-0.925905490256445,-1.10817684444565,-1.29935040663828,-1.49807501833007,-1.70275703540678,-1.91161449089439,-2.12274628574157,-2.33421049122666,-2.54410432839986,-2.75063798571693,-2.95219524875023,-3.14737576877427,-3.33501629343689,-3.51419082981504,-3.6841920542182,-3.84449800819659,-3.99472908562281,-4.13460053704866,-4.26387531571824,-4.38232123579265,-4.48967528749028,-4.58561672461643,-4.66974935878733,-4.74159249464181,-4.80057923339165,-4.84606053917678,-4.87731354090649,-4.89355301800569,-4.89394582417122,-4.87762902690631
2.164145016,0.805042175502763,0.783479962164924,0.758846467022635,0.730736591706938,0.698701888269845,0.662249102431945,0.620839801299802,0.573891512048599,0.520780879878305,0.460849428777273,0.393412563946806,0.317772471185694,0.233235521155297,0.139134645188785,0.0348568820521592,-0.0801241263825598,-0.20621150270921,-0.343645923361314,-0.49246623697995,-0.652473162298905,-0.823199990890019,-1.00389452325061,-1.19351619418703,-1.39075135134344,-1.594047924275,-1.80166842675793,-2.01175772412339,-2.2224197477025,-2.43179583383839,-2.63813695463626,-2.83986289753886,-3.0356032716826,-3.22421768380226,-3.40479505110109,-3.57663435439398,-3.73921086643922,-3.89213287288355,-4.03509414529614,-4.16782704013939,-4.29006024805276,-4.4014840800905,-4.50172491947298,-4.59032924394996,-4.66675657604188,-4.73037996773314,-4.78049226309976,-4.81631645137353,-4.83701891209933,-4.84172519347434,-4.82953903492659
2.360885472,0.889933011918285,0.868623377276274,0.844277840065055,0.816495770017045,0.784833596480515,0.74880333755595,0.707872192124386,0.661463614141999,0.608960369123744,0.549710146849016,0.483034358915145,0.408240766215906,0.324640535229222,0.231570183658687,0.128418613932328,0.0146590196268625,-0.110115129217115,-0.246151548642449,-0.393500411368672,-0.55197861442346,-0.721140896957979,-0.900261961509488,-1.08833348751173,-1.28407895475148,-1.48598750088047,-1.69236578249825,-1.90140433804898,-2.11125273145638,-2.32009626469348,-2.52622663175352,-2.72809965422278,-2.92437502791494,-3.11393544341166,-3.29588504540837,-3.46952952316343,-3.63434186204592,-3.78991878562712,-3.93593318052933,-4.07208742720775,-4.19807171545476,-4.31353027459636,-4.41803716208587,-4.51108198906444,-4.59206486571091,-4.66029905424157,-4.71501942336759,-4.75539485651833,-4.78054326776923,-4.78954875158742,-4.78148150841053
2.557625928,0.974271296897985,0.953212480344504,0.929152904208797,0.901696379924991,0.870404186534697,0.834793586309418,0.794337381967314,0.7484649278111,0.696565086406111,0.637991695416168,0.572072163075448,0.49811982721299,0.415450667701555,0.323404826714357,0.221373134249766,0.108828430833911,-0.0146390889480605,-0.149284007634632,-0.295167604728358,-0.452122693500701,-0.619725156539484,-0.797276258721979,-0.983799559525713,-1.17805529595938,-1.37857344607242,-1.58370446799294,-1.79168427750822,-2.00070783827508,-2.20900426227789,-2.41490589753484,-2.61690462622499,-2.81369035449834,-3.00416907736159,-3.18746048138128,-3.36287736649485,-3.5298909116904,-3.68808682542139,-3.83711770524051,-3.9766565790397,-4.10635576168836,-4.22581400175334,-4.33455357932907,-4.43200770961034,-4.51751746322517,-4.59033657460497,-4.64964208374087,-4.69454880353729,-4.72412611785882,-4.73741651962887,-4.73345645945458
2.754366384,1.05806069141188,1.03725093386718,1.01347532339399,0.986342086621639,0.955417324532862,0.920223515157084,0.88023903683746,0.834899117424494,0.783598692793499,0.725697729973501,0.66052962329914,0.587413288404939,0.505669534947099,0.41464216623735,0.313724002074394,0.202387623258119,0.0802200787096539,-0.0530399097384297,-0.197464513330218,-0.352902201626301,-0.518949698234983,-0.6949344917923,-0.87991165750471,-1.07267781388918,-1.27180340969719,-1.47568236005314,-1.68259565793515,-1.89078342856919,-2.09851843243449,-2.30417359762773,-2.50627688751835,-2.70354853702043,-2.89491806185662,-3.07952100171586,-3.25667766760698,-3.42585791258769,-3.58663697761017,-3.73864776875406,-3.88153458736546,-4.01491250248645,-4.13833538640305,-4.25127429384339,-4.35310651813253,-4.44311446620489,-4.52049260926369,-4.58436030724041,-4.63377833918895,-4.66776749496363,-4.68532851858798,-4.68546390009047
2.95110684,1.1413048467161,1.12074239092878,1.0972487524957,1.07043654663536,1.03987666837888,1.00509678290623,0.965580815709915,0.920769841038217,0.870064843874774,0.81283190149799,0.748410383047111,0.676124781880899,0.595300752657208,0.505285795083852,0.405474779326119,0.295340117876606,0.174465841668627,0.042584145520597,-0.100387820785357,-0.254313925275057,-0.418811431945546,-0.593233715809389,-0.776667003857891,-0.967943919726641,-1.16567501130552,-1.36829730308044,-1.57413656080376,-1.78147782789662,-1.98863734598374,-2.1940285432296,-2.39621547891469,-2.59394882984851,-2.78618184436543,-2.97206622326767,-3.15093018703089,-3.32224274252107,-3.4855692113195,-3.64052340722256,-3.78672153351683,-3.92374204561315,-4.05109454747334,-4.16819942401994,-4.27437852423182,-4.36885597030766,-4.45076723739274,-4.51917415607753,-4.57308350976899,-4.61146743143075,-4.6332847693221,-4.63750384228612
3.147847296,1.2240074039546,1.2036904947952,1.18047683691005,1.15398340740876,1.123785867346,1.08941704026039,1.05036637006596,1.00608074992014,0.955967189266439,0.899397855936381,0.835718081835925,0.76425793703429,0.684347935257567,0.595339306474681,0.496629030137904,0.387689439957578,0.268101674446747,0.137591567769156,-0.00393419878898632,-0.156354636063675,-0.319307249647567,-0.492170964824079,-0.674062796892996,-0.863850997664233,-1.06018584086412,-1.26154710972872,-1.46630503422833,-1.67278932749416,-1.87935953917904,-2.08446951146434,-2.28671940836611,-2.48489045635688,-2.67795984378262,-2.86509573715909,-3.04563466267304,-3.21904525987566,-3.3848834794708,-3.54274464362389,-3.69221748841339,-3.83284449085253,-3.96409159795854,-4.08532908399022,-4.19582383456341,-4.29474206922236,-4.38116053691167,-4.45408369171889,-4.51246436113205,-4.55522595935773,-4.581285292565,-4.58957629794416
3.344587752,1.3061719937719,1.28609887851918,1.26316321215141,1.23698630688645,1.20714856165388,1.17318792938426,1.1345993434442,1.09083548808576,1.04130937213119,0.985399233704451,0.922456354715694,0.851816380016769,0.772814695336912,0.68480629339738,0.587190320229003,0.479439118404934,0.361131057483685,0.231985775075968,0.0918996921421871,-0.0590210915073688,-0.220434026161315,-0.391743252620108,-0.572096211582529,-0.760396405647204,-0.955333459465298,-1.15542956156946,-1.35909909357078,-1.56471618481639,-1.7706835141702,-1.97549524576793,-2.17778765127093,-2.37637260916251,-2.57025145060068,-2.75860910889256,-2.94079080988763,-3.11626530367469,-3.28457971879126,-3.44531148775785,-3.59802251255602,-3.7422199299891,-3.87732664491454,-4.00266338362023,-4.11744255281425,-4.2207728546631,-4.31167258448055,-4.38908897485062,-4.45192093867979,-4.49904311059239,-4.52933010889858,-4.54168127890336
3.541328208,1.38780223593669,1.36797116455674,1.34531150346077,1.3194488731139,1.28996838205681,1.25641308347988,1.21828337100305,1.17503769184515,1.12609502870762,1.07083966919729,1.00862883175913,0.938803733204302,0.860704643087428,0.773690348019131,0.677162216289187,0.570592685112589,0.45355747646557,0.325770193247458,0.187117201942595,0.0376899642317271,-0.122188619913952,-0.291947573482977,-0.470764400326203,-0.657577476118286,-0.851115400042548,-1.04994240976082,-1.25251672205279,-1.4572566240807,-1.66260773947429,-1.86710445628103,-2.06941915079308,-2.26839445036889,-2.46305602708729,-2.65260587847576,-2.83639832155016,-3.0139026936217,-3.18465784983559,-3.34822393624786,-3.5041366560159,-3.65186844680282,-3.79079978943867,-3.92020242849197,-4.03923477970434,-4.14694841636312,-4.24230345548169,-4.32419006538532,-4.39145328736008,-4.44291891673246,-4.47741923881001,-4.49381879693746
3.738068664,1.46890173897619,1.44931096439444,1.42692532542431,1.40137472384719,1.37224894944293,1.33909612637379,1.30142207909441,1.25869098936139,1.21032778785134,1.1557227903116,1.09423913756218,1.025223614674,0.948021385756253,0.861995061110907,0.766548285374018,0.66115367433013,0.545384421660567,0.418948255135328,0.281721690277425,0.133781799602502,-0.0245678736963955,-0.192780902963627,-0.370064493710424,-0.555391516761796,-0.747529168083405,-0.945083375719586,-1.14655587137257,-1.3504088368186,-1.55513065045408,-1.75929582025292,-1.96161281818452,-2.16095511181722,-2.35637290747113,-2.54708556054676,-2.73245686814226,-2.91195723014377,-3.08511777699652,-3.2514819725436,-3.41055995842772,-3.56179011705419,-3.70451112666335,-3.83794631989679,-3.96120061298177,-4.07326884206875,-4.17305322403198,-4.25938702244436,-4.33106145166777,-4.38685340912826,-4.42555270260896,-4.44598886375438
3.93480912,1.54947409982101,1.53012187818715,1.50800828160396,1.48276746617368,1.45399387444434,1.42124067211528,1.3840190848483,1.34179900021994,1.29401127058733,1.24005221797824,1.17929089075581,1.11107963769271,1.03476852710842,0.949724021482916,0.855352094311212,0.751125622038848,0.636615387264772,0.511523399952271,0.375716525832651,0.229257694931771,0.0724313845864095,-0.0942401986372773,-0.269993601265537,-0.453835811245949,-0.644572242346506,-0.840850151795878,-1.04121446232683,-1.2441709824334,-1.44825064980488,-1.65206798244899,-1.8543675331196,-2.05405369534621,-2.25020139813352,-2.44204764450946,-2.6289660978367,-2.81042869444425,-2.98595938853957,-3.15508556692724,-3.31729244898888,-3.47198500847561,-3.6184607457454,-3.75589515481701,-3.88334014740685,-3.99973421753429,-4.10392196297101,-4.19467990438918,-4.27074547564409,-4.33084661886246,-4.37373052052414,-4.39819149099836
4.131549576,1.62952290346077,1.61040749440664,1.58856396417751,1.5636306961433,1.53520675705806,1.50285032458547,1.46607799576874,1.42436533500935,1.3771490896735,1.32383156570734,1.26378770352941,1.19637541021683,1.12094966690108,1.03688081543129,0.943577209117851,0.840512065339003,0.72725387075824,0.603499072598398,0.469105085612671,0.324120941698311,0.168812341171433,0.00367759914309419,-0.170548812219045,-0.352907619964239,-0.542242075576298,-0.737240401949879,-0.936490385435244,-1.13854118876315,-1.34196610804497,-1.54541955556623,-1.74768214403467,-1.94768927305954,-2.14454077780897,-2.33749159467651,-2.5259256365901,-2.70931684855611,-2.88718255662132,-3.05903467652172,-3.22433414645343,-3.38245318076487,-3.53264872984973,-3.6740490259398,-3.80565347474425,-3.92634462651613,-4.03490974385862,-4.13006876878167,-4.21050540286481,-4.27489857678899,-4.32195271261331,-4.35042669024979
4.328290032,1.70905172260991,1.69017138950052,1.66859595358926,1.64396799841061,1.61589118627777,1.5839286771174,1.54760240934019,1.50639359491273,1.45974484917529,1.40706443914353,1.3477331811652,1.2811145344034,1.20656840036914,1.12346902619594,1.03122719442911,0.929316541847032,0.817303372271546,0.694878722997198,0.561890754247977,0.418374841815374,0.264578195701455,0.100975566498718,-0.0717271962450437,-0.252604180774191,-0.440536095218654,-0.634251762431277,-0.83238150157078,-1.03351755264786,-1.23627536401557,-1.43934912066173,-1.64155546847661,-1.84186088759889,-2.03939029779261,-2.23341685041398,-2.42333508824221,-2.60862143540396,-2.78878713732367,-2.96332924529961,-3.13168505913034,-3.29319468557365,-3.4470751561497,-3.59240802162182,-3.72814068376243,-3.85310015076603,-3.96601663697189,-4.06555367240399,-4.15034127646159,-4.21900931349345,-4.27021929881864,-4.30269447302064
4.525030488,1.78806411738393,1.76941712756159,1.74810781821222,1.72378294588727,1.696050739736,1.66447931212656,1.62859591264516,1.58788737131035,1.54180214405142,1.48975443563293,1.43113092158396,1.36530060613265,1.29162831772203,1.2094922334298,1.11830561293786,1.01754258910486,0.906767393963403,0.785665805441642,0.65407692331192,0.512022706921431,0.359732160494835,0.197656795282456,0.0264741957903885,-0.152922709734825,-0.33945170413751,-0.531881842459295,-0.728885642590867,-0.929098140504964,-1.13117672538507,-1.33385522758052,-1.53598629345791,-1.73656755242773,-1.93474918215105,-2.12982282629557,-2.3211940346171,-2.50834217886038,-2.690772970686,-2.86796920410062,-3.03934518488604,-3.20420956650629,-3.36174009580905,-3.51097222589446,-3.65080186022972,-3.78000087002877,-3.89724271129767,-4.00113467125372,-4.09025313909907,-4.1631788593113,-4.21853029894674,-4.25499485076025
4.721770944,1.8665636349857,1.84814826000737,1.82710311401952,1.80307909940506,1.77568898335701,1.74450580075222,1.70906208199241,1.66885024539297,1.62332455975045,1.57190514380098,1.51398451490194,1.44893721454141,1.37613300365182,1.29495401267927,1.20481602484541,1.10519374399945,0.995649439408101,0.875863777950412,0.745666990646645,0.605067857679975,0.454277459823833,0.293724392342784,0.124058331088169,-0.053860401840365,-0.23898628132791,-0.430128224904272,-0.626000611974379,-0.825280988904342,-1.02666846915919,-1.2289363953928,-1.43097337581917,-1.63180825211813,-1.8306166279447,-2.02670891226369,-2.21950203562706,-2.40847878381904,-2.59313988074245,-2.77295447064261,-2.94731451114615,-3.11549785911218,-3.27664361398269,-3.42974171845308,-3.5736370868859,-3.7070468620342,-3.82858803454578,-3.9368118205243,-4.0302410329757,-4.10740724432437,-4.16688573267243,-4.20732783485178
4.9185114,1.94455380940195,1.92636832526987,1.9055853842665,1.88186000738903,1.85480947102024,1.82401170250923,1.78900448255566,1.74928578778602,1.70431567181833,1.65352014314114,1.59629754299879,1.53202794156819,1.46008603685275,1.37985793487572,1.2907619873235,1.19227354219372,1.08395301299447,0.965476101634489,0.836664359699493,0.697513623087549,0.548217329200653,0.389181478793873,0.221028194180222,0.0445855682486234,-0.139137182629944,-0.328988466969683,-0.523724185457926,-0.722064105151286,-0.922748842198838,-1.1245911128392,-1.32651544259823,-1.5275819426478,-1.72699180545443,-1.92407447379069,-2.11825862939906,-2.30903093626311,-2.49588767556181,-2.67828494954209,-2.85559301490027,-3.02705959088112,-3.19178576980036,-3.34871657464918,-3.49664644345981,-3.63423820249298,-3.76005267311257,-3.87258517463855,-3.97030499986009,-4.05169449835937,-4.11528561953707,-4.15969343661313
5.115251856,2.02203816110958,2.00408084849526,1.98355815918286,1.96012920554099,1.93341574423321,1.90300056495026,1.86842666802289,1.82919755818418,1.78477904551673,1.73460300361476,1.67807357909664,1.61457636150881,1.54349098955152,1.46420756583863,1.37614705398736,1.27878551756763,1.17168161933467,1.05450624007403,0.9270724388682,0.789363339790765,0.641555014669598,0.484031189292271,0.317386786198584,0.142418045477711,-0.0399017414413472,-0.228460100875387,-0.422054111676656,-0.619445467871545,-0.819416061738808,-1.02081783878037,-1.22261119140634,-1.42388755170067,-1.62387385841373,-1.82191885205224,-2.01746333237564,-2.20999830334361,-2.39901614729195,-2.58396053233427,-2.76418066270516,-2.93889478124402,-3.10716661637144,-3.26789686548312,-3.41983000665274,-3.5615749650922,-3.69163669210975,-3.80845478721575,-3.91044508100001,-3.996040650987,-4.06372997894933,-4.11209166730198
5.311992312,2.09902019679173,2.08128934125344,2.06102495567469,2.03789021653291,2.01151133181576,1.98147592333814,1.94733218025667,1.90858910499686,1.86471823545152,1.81515728526156,1.75931618734976,1.69658604058364,1.62635142704905,1.5480064657894,1.46097477438029,1.36473320167175,1.25883876268504,1.14295765870546,1.01689464085657,0.880620351413196,0.734293772110362,0.578276671320553,0.413137124149468,0.23963989367381,0.0587227305745527,-0.128540634538853,-0.320988112806376,-0.517423027600556,-0.716668315914048,-0.917615002652297,-1.11925929080897,-1.32072397897882,-1.52126190424879,-1.72024136410696,-1.91711563945332,-2.11138053345697,-2.30252507220441,-2.48998109749792,-2.67307741069592,-2.85100344156936,-3.0227862007674,-3.18728265759875,-3.34318785013157,-3.48905722149021,-3.62334015534795,-3.74442071106393,-3.85066131723496,-3.94044573152351,-4.01221883018406,-4.06452253809012
5.508732768,2.1755034090637,2.15799730125736,2.13798927703634,2.11514654971042,2.08909974959354,2.05944130032865,2.0257245489629,1.98746396500374,1.9441367852132,1.89518653782073,1.84002892244558,1.77806053651537,1.70867090727333,1.63125818887661,1.54524869346882,1.45012012319096,1.34542794637671,1.23083382421994,1.10613438204002,0.971288007890365,0.826436866546972,0.671921084478078,0.508282240193756,0.336253994826345,0.156738942778294,-0.0292275522589622,-0.220523885205634,-0.415994707374959,-0.614503764292077,-0.814981004927719,-1.01645838071641,-1.2180900965136,-1.41915503432303,-1.6190413030739,-1.81721502410082,-2.01317725632816,-2.20641421074336,-2.39634651047195,-2.58228320459264,-2.76338557516191,-2.93864456402658,-3.10687401327482,-3.26672004452498,-3.41668504131164,-3.55516312532743,-3.68048299822066,-3.7909537489094,-3.88490976902841,-3.96075219238266,-4.01698606011393
5.705473224,2.25149127620814,2.23420821209191,2.21445461267212,2.19190170080593,2.16618450010159,2.13690020566312,2.10360729137226,2.0658256630209,2.02303822702588,1.97469430036287,1.92021532921606,1.8590033981179,1.79045298034286,1.71396628271225,1.6289723511492,1.53494980741876,1.4314526722576,1.31813820397111,1.19479508184121,1.06136966481542,0.917987571466768,0.76496759977875,0.602825180932199,0.432263248370674,0.254149624852023,0.0694816846041525,-0.12065910006136,-0.315158403327649,-0.512920538404741,-0.712914217582921,-0.914207072774587,-1.11598474899038,-1.31755231419059,-1.51831793832358,-1.71776093849684,-1.91538808310467,-2.11068330758602,-2.30305662370071,-2.49179797971235,-2.67604117726714,-2.85474174114384,-3.0266709904216,-3.19042665741724,-3.34445849214377,-3.48710566325507,-3.61664169990788,-3.7313224159213,-3.82943279230043,-3.90933008455221,-3.96948224442394
5.90221368,2.32698726191985,2.30992554295259,2.29042443782737,2.26815915166163,2.24276907229784,2.21385613587096,2.18098391192996,2.14367771157699,2.10142608140838,2.05368410093304,1.99987894225997,1.93941816489599,1.87170118814184,1.79613428791913,1.71214928176533,1.61922577574397,1.51691644014538,1.40487426539462,1.28288016211589,1.15086868279294,1.00894916814707,0.857419398957332,0.696769006698855,0.527670570477655,0.350957526095006,0.167589636947685,-0.021391404033356,-0.214911985284462,-0.411916742287332,-0.611412984568145,-0.812503950767929,-1.01440675407338,-1.2164527838512,-1.41807051567084,-1.61875281366678,-1.81801260643794,-2.0153320916887,-2.21011127664688,-2.40162166098222,-2.58897023507021,-2.77107776107237,-2.94667364256977,-3.11430775334165,-3.27237763953114,-3.41916782901094,-3.55289686653651,-3.67176735767965,-3.77401482988647,-3.85795252557429,-3.92201110199445
6.098954136,2.40199481505975,2.38515274839274,2.36590221332917,2.34392236996183,2.31885694128614,2.29031257398213,2.2578579019959,2.22102361059959,2.17930385684369,2.13215945620197,2.07902328557558,2.01930836665584,1.95241906390526,1.87776573768903,1.79478301363719,1.7029515451474,1.60182274729091,1.49104547543772,1.37039304654885,1.23978842680383,1.09932494499171,0.949279673782056,0.790116790858612,0.622478893347342,0.447165414726224,0.265098887247432,0.0772815801011152,-0.115253297363518,-0.311490453021245,-0.510475622284269,-0.711347571022241,-0.913354902739137,-1.11585545801481,-1.31829825757082,-1.52019005962324,-1.72105040059074,-1.92036027635341,-2.11751029583284,-2.31175416295272,-2.5021727277007,-2.68765264671398,-2.86688201887668,-3.03836339378104,-3.20044254697219,-3.35134968117264,-3.48924854773657,-3.61228861313948,-3.71865591007145,-3.80661953416589,-3.87457264379561
6.295694592,2.47651736941796,2.45989326808102,2.44089138533619,2.41919480897491,2.39445156804887,2.3662729892492,2.33423273955476,2.29786684711144,2.25667504946158,2.21012387113045,2.15765187220395,2.09867752312577,2.03261013181547,1.95886415735207,1.87687706860055,1.78613062770967,1.68617508785335,1.57665529999968,1.45733716006055,1.32813226557925,1.18911819687564,1.04055162537658,0.882871619113146,0.716691164508078,0.542776077187876,0.362012038881363,0.175362252800369,-0.0161801585755566,-0.211639721276846,-0.41010042006249,-0.610736462815408,-0.812827959615218,-1.01575932637031,-1.21900036333122,-1.42207206551923,-1.62450102152849,-1.82576755928712,-2.02525349487367,-2.22219538981582,-2.41564862623708,-2.60446641493072,-2.78729616411609,-2.96259363715233,-3.12865327591439,-3.28365127699919,-3.42569679231162,-3.55288622078271,-3.663356060882,-3.75533112895274,-3.82716688063905
6.492435048,2.5505583434859,2.53415052656721,2.51539538509783,2.49397990730431,2.46955639918904,2.4417408368789,2.41011188893552,2.37421089493658,2.33354314272731,2.28758083864231,2.23576820388262,2.1775291435881,2.11227790660942,2.03943306395665,1.95843496155765,1.86876653013067,1.76997695238557,1.66170720338315,1.54371592822409,1.41590357098431,1.27833222449915,1.13123846354912,0.975036588813042,0.810310346121011,0.637792317454237,0.458331715453778,0.27285303711475,0.0823096365733542,-0.112362571862977,-0.310285640647787,-0.510669128792429,-0.712824663323137,-0.916163353856647,-1.12017600930872,-1.32439819979184,-1.52836400702677,-1.73155362266933,-1.93334067451547,-2.13294523542083,-2.32939789371207,-2.52151907652366,-2.7079161186638,-2.88699853881242,-3.05700988575196,-3.21607267243078,-3.36224164826666,-3.49356021862108,-3.6081153100859,-3.70408732839657,-3.77979382333201
6.689175504,2.62412114023722,2.60792793305718,2.58941762872232,2.56828108864896,2.54417486668144,2.51671955777311,2.4854988005411,2.4500592144162,2.40991160714335,2.36453383930762,2.31337577070925,2.25586672652111,2.19142589319617,2.1194759658604,2.03946020003875,1.95086275325901,1.85323182733054,1.74620464775617,1.62953277669229,1.50310571741196,1.36697033375175,1.22134340613066,1.06661480827724,0.9033394142907,0.732216956343994,0.554060560123019,0.369756378041367,0.180218317479326,-0.013657004276013,-0.211029520688984,-0.411144045385112,-0.613343726827566,-0.817066480945321,-1.02182434913334,-1.22716781032369,-1.43263887677793,-1.63771813321883,-1.84177162267367,-2.04400358329474,-2.24342048511943,-2.43881063625139,-2.62874191851337,-2.81157815104852,-2.98551243381693,-3.14861392208512,-3.29888316279319,-3.43431064419652,-3.55293368519064,-3.65288815083267,-3.73245348260033
6.88591596,2.69720914691742,2.68122888119671,2.66296151695373,2.64210176157249,2.61831038763311,2.5912125782791,2.56039691058651,2.52541525213406,2.48578389995954,2.44098634103598,2.39047805081595,2.33369375925143,2.2700575862851,2.19899636233166,2.11995628377427,2.03242279163318,1.93594319452893,1.83015109262472,1.71479113063542,1.58974208118743,1.45503583508402,1.31086967832116,1.15760939612008,0.995781358381691,0.826052830837327,0.649201234931624,0.466074741881007,0.277548136836357,0.0844790067468461,-0.112330271228393,-0.312159663235983,-0.514383837789427,-0.718467623922134,-0.923944513922317,-1.13038022459996,-1.33732513250195,-1.54426074226695,-1.75054611447704,-1.95537030666573,-2.15771634742197,-2.35634109282065,-2.54977359526454,-2.73633252307553,-2.9141609753848,-3.08127507925576,-3.23562138227605,-3.37513753456968,-3.49781121344317,-3.60173361445975,-3.68514586910308
7.082656416,2.76982573484205,2.75405674886383,2.73603043495777,2.71544531928132,2.69196636405282,2.665223309949,2.63480964084713,2.60028244065115,2.56116346489291,2.51694179877977,2.46707851005313,2.41101371761664,2.34817647002488,2.27799774316183,2.19992670427833,2.11345013303314,2.01811453073757,1.91354999431661,1.79949441419018,1.67581603998168,1.54253204289086,1.39982051204424,1.24802348058508,1.08763918034012,0.919302793397427,0.743756420139375,0.561810615595979,0.374301370032443,0.182047510675337,-0.0141860781956088,-0.213714407623456,-0.415943658924337,-0.620365675176573,-0.826535612504886,-1.03403474987884,-1.24242225806287,-1.45118108583163,-1.65966391230814,-1.8670452684811,-2.07228541956414,-2.27411043889008,-2.47101117609638,-2.66126170103206,-2.8429555636617,-3.01405619590968,-3.17245635227963,-3.31604092634042,-3.44274792182934,-3.55062373734098,-3.63787099343371
7.279396872,2.8419742592033,2.8264148979698,2.80862775211611,2.78831513941165,2.76514618262919,2.73875514930811,2.70874039841576,2.67466419825079,2.63605373185748,2.59240365424695,2.5431806016836,2.4878300656381,2.42578601765223,2.35648358828778,2.27937494444203,2.19394825804283,2.09974930715817,1.99640480547535,1.88364604991806,1.76133097223625,1.62946227490299,1.48819914531219,1.33786019888811,1.17891589402371,1.01196971129723,0.837728813559749,0.656966506169269,0.470480314545149,0.279050580626763,0.0834048970919018,-0.115806678900475,-0.31802182836478,-0.522759503495618,-0.72959673164794,-0.938130673353348,-1.14792971958418,-1.35847878469528,-1.56912476585659,-1.77902832143823,-1.98712763247121,-2.19211866107199,-2.39245468382605,-2.58636572797654,-2.77189624978692,-2.94695732268237,-3.10938811755764,-3.25702085562559,-3.38774383707376,-3.49955853740436,-3.59062886611882
7.476137328,2.91365805888493,2.89830667426834,2.88075682182929,2.86071458382476,2.83785321451773,2.81181147763217,2.78219257546854,2.74856392869044,2.71045811670286,2.66737533562342,2.61878776608633,2.56414625520363,2.50288969115132,2.43445736742528,2.35830447813866,2.27392063962352,2.18085098897767,2.07871897456589,1.96724945827517,1.84629025659759,1.71582985158887,1.57600882159721,1.42712269656622,1.26961452453765,1.10405646595101,0.931121129900111,0.751544939966745,0.566087289337524,0.375490312812054,0.180444517432547,-0.0184348529227454,-0.220616960027892,-0.425647954360863,-0.633126936293227,-0.842667262327788,-1.05384696557414,-1.26615344448324,-1.47892841216219,-1.69131930800508,-1.90224290907804,-2.11036573993499,-2.31410413684397,-2.51164464388496,-2.70098308282566,-2.87997850887998,-3.04641672204555,-3.1980773580678,-3.33279898564635,-3.44853803244124,-3.54341949761863
7.672877784,2.98488045628523,2.96973540717318,2.95242098132784,2.93264699841106,2.91009081513642,2.88439566073337,2.85516954904025,2.82198502096558,2.78438002096287,2.74186025730509,2.69390343046982,2.63996572576037,2.57949094092315,2.51192253971241,2.43671876983755,2.3533707426976,2.26142303491874,2.1604959453899,2.05030805709245,1.93069727136175,1.80163809556605,1.66325278921456,1.51581412683711,1.35973810757574,1.19556595225188,1.02393610010516,0.845548462100027,0.661124634254943,0.47136882597624,0.27693466923554,0.0784027185087327,-0.123727643985295,-0.329029850252055,-0.537125269789394,-0.747643764396621,-0.960173427049221,-1.17420465575818,-1.38907457566671,-1.60391806045187,-1.81763116432721,-2.02885165000778,-2.23595954914473,-2.4370984856465,-2.63021610976925,-2.81311980246865,-2.98354220886024,-3.13921046883598,-3.27791339372365,-3.39756224010667,-3.49624289832682
7.86961824,3.05564475714805,3.04070440958359,3.02362355149158,3.0041157129022,2.98186232396959,2.95651104875476,2.92767468080776,2.89493084908056,2.85782283161219,2.81586181963895,2.76853100859536,2.71529190401708,2.65559320546491,2.5888825533633,2.5146212742307,2.43230202374354,2.34146889680147,2.24173915661258,2.13282526106638,2.01455539393016,1.88689033102218,1.7499343007129,1.60393764996455,1.44928968877208,1.28650107791511,1.11617647070608,0.938979635792932,0.755594709422154,0.566688260840028,0.372877262017973,0.17470770720671,-0.0273524468382781,-0.232903990952772,-0.441590754134302,-0.653059407621969,-0.866908517663953,-1.08263199408433,-1.29956296827147,-1.51682440088023,-1.73329230518831,-1.94757635978419,-2.1580209303194,-2.36272728706181,-2.55959537553023,-2.74638125008089,-2.92076462029822,-3.08042022260919,-3.22308708726534,-3.34663117791947,-3.44909907857054
8.066358696,3.12595425040162,3.11121697771796,3.09436783667739,3.07512404069142,3.05317106438027,3.02816097597347,2.99971131688266,2.96740477182871,2.93078992083308,2.88938340867355,2.84267390050923,2.79012820365632,2.73119991105937,2.66534084533189,2.59201543586778,2.5107179304003,2.42099201911515,2.32245204129999,2.2148044812602,2.09786800027419,1.97158988314727,1.83605661227489,1.69149643263338,1.53827232305598,1.37686476282618,1.20784500317167,1.03184104175031,0.849499894642006,0.661450779539274,0.468274227897515,0.270481808152597,0.0685100879037357,-0.137269153861189,-0.346522390221505,-0.558913400720012,-0.774051633843028,-0.991435020138543,-1.21039328938964,-1.43003814125394,-1.64922623067421,-1.86653983172345,-2.08028828555579,-2.28853107884497,-2.4891209229405,-2.67976289700873,-2.85808399783372,-3.02170665360604,-3.16832009193656,-3.29574486326151,-3.40198804861013
8.263099152,3.19581220800515,3.18127639095506,3.16465712455373,3.14567527866193,3.12402034343058,3.09934876061175,3.07128278761182,3.03941013258125,3.0032846457905,2.9624283959185,2.91633549228461,2.86447802505627,2.80631447147409,2.74130084098625,2.66890468880248,2.58862190108364,2.49999583860141,2.40263802646692,2.29624912461654,2.18063846441253,2.0557400775737,1.92162298312695,1.77849364733375,1.62668907402023,1.46665993839676,1.29894447326688,1.12413527753019,0.942842588795272,0.75565856506705,0.563127521086275,0.365726739049409,0.163861439441841,-0.0421240943041848,-0.251919158086893,-0.465204933248346,-0.681602154916766,-0.900613279792446,-1.12156522600277,-1.34355908343041,-1.56543283185437,-1.78574202226386,-2.00276161563878,-2.21450988860765,-2.4187927927482,-2.61326478720173,-2.79550038211604,-2.96306979555288,-3.11361243314878,-3.24490331337797,-3.35490981863862
8.459839608,3.26522188480285,3.25088591168304,3.2344946859445,3.21577270702321,3.19441345171013,3.17007770465657,3.14239240738668,3.11095025908468,3.07531034841566,3.03500013811287,2.98951915577236,2.93834475502152,2.88094028766995,2.81676595379183,2.74529245624856,2.66601736461157,2.57848378384699,2.48230053263565,2.37716259347913,2.26287015789652,2.1393442398288,2.0066366749583,1.86493247175227,1.71454301328679,1.55588954692607,1.38947767041407,1.2158649569189,1.03562520924261,0.849313820714195,0.657439117380402,0.460444239872865,0.258703109303091,0.0525324541444214,-0.157780017161932,-0.371933175799048,-0.589559443260351,-0.810166304207198,-1.03307845272483,-1.25738701919858,-1.48191199187345,-1.70518288182435,-1.92544091695033,-2.14066374087316,-2.34861102361495,-2.54688696326554,-2.73301381297573,-2.90450968169506,-3.0589641360408,-3.19410654537624,-3.30786439878355
8.656580064,3.33418651838554,3.32004878515587,3.30388377467924,3.28541958915489,3.26435366317234,3.24035109368695,3.21304347446046,3.18202846326629,3.14687035519857,3.10710197700242,3.06222824836109,3.01173176652388,2.95508074751976,2.89173958500574,2.82118215024644,2.74290773984075,2.65645927488773,2.56144297340438,2.45754828512656,2.34456644930715,2.22240569479546,2.09110095135057,1.9508160881733,1.80183721989302,1.6445565409686,1.47944739706042,1.30703270931009,1.12785019122771,0.942418769509721,0.751211013651083,0.554636072417185,0.353036620951219,0.146701779342985,-0.064103906529909,-0.27909728019627,-0.497922844435535,-0.72009360993254,-0.944932631861096,-1.17152173031207,-1.3986635859696,-1.6248623548111,-1.84832618147124,-2.06699265706624,-2.27857565211358,-2.48062946645952,-2.67062432940675,-2.84602634481009,-3.00437522548956,-3.14335457622701,-3.26085179910414
8.85332052,3.40270932895933,3.38876823935718,3.37282762745137,3.35461917145834,3.3338442349784,3.31017219670943,3.28323927077358,3.25264804104823,3.21796797698886,3.17873723912544,3.13446611274602,3.08464241845159,3.0287392255358,2.96622512337965,2.89657717133902,2.81929643531314,2.73392572282259,2.64006875502781,2.53740959131582,2.42573070376246,2.30492776618412,2.17501907721504,2.03614768288884,1.88857477967644,1.7326638827088,1.56885646805037,1.39764117908722,1.21951998728358,1.03497565366304,0.844445227333367,0.648304019844086,0.446863519397828,0.240385190256182,0.0291102548115679,-0.186696379690437,-0.406691687335971,-0.630394699005775,-0.857127413473514,-1.08596298852833,-1.31568748149389,-1.54478037962691,-1.77141739678275,-1.99349665551365,-2.20868671272842,-2.41449233669447,-2.60833196958136,-2.78761981717252,-2.94984572611563,-3.09264742276262,-3.2138720295931
9.050060976,3.47079351922159,3.45704748487127,3.44132946368362,3.4233746832157,3.40288840734889,3.37954426600095,3.35298306178688,3.32281227216944,3.28860650880488,3.24990923560721,3.20623607670639,3.15708005536799,3.10191908260709,3.04022594487305,2.97148090825827,2.8951868489119,2.8108865294381,2.71818127600652,2.61674989783636,2.50636628243496,2.38691377601412,2.25839431824151,2.12093044561731,1.97475878467139,1.82021454334391,1.65770771000487,1.48769302501085,1.31063706664099,1.12698673400808,0.937143795916758,0.741449886225763,0.540185370808412,0.333584016628567,0.121863567692204,-0.0947295891642627,-0.31586528433524,-0.541069059054992,-0.769662435446969,-1.00071055564692,-1.23298353792981,-1.46493688868315,-1.69471454606778,-1.92017575144584,-2.13894423784727,-2.34847561253088,-2.5461367708407,-2.72929013058605,-2.89537566226228,-3.04198510167819,-3.16692510017572
9.246801432,3.53844227424382,3.5248897147613,3.50939248540068,3.49168933645616,3.47148940342276,3.44847053695958,3.42227809632261,3.39252442001559,3.35878922965097,3.32062126196272,3.27754145289194,3.22904800727899,3.17462366574547,3.11374541237532,3.04589673762041,2.97058236752859,2.88734508684281,2.79578392668766,2.69557258407475,2.58647654208001,2.46836704410622,2.34122994035624,2.20516756893119,2.06039233251294,1.90721150247124,1.74600396070374,1.57719091960923,1.4012039146395,1.21845428944471,1.02930877643095,0.834075496088726,0.63300376210698,0.426299608652881,0.214157152500598,-0.00319600533673218,-0.225442931438024,-0.452116163402823,-0.682537323557188,-0.915764183552628,-1.15055160691739,-1.38533180840129,-1.6182176081143,-1.84702995698895,-2.06934825776564,-2.28257933117691,-2.48403876969458,-2.67103731636763,-2.8409650580102,-2.99136762953028,-3.12001102071095
9.443541888,3.60565876136138,3.59229810445424,3.57701987710892,3.55956632582934,3.53965042912363,3.51695422796261,3.49112760641306,3.46178773145688,3.42851940234272,3.39087659790763,3.34838553861755,3.30054958940936,3.24685630784106,3.18678687543764,3.11982802363201,3.04548636673909,2.96330477711228,2.8728800888757,2.77388102258968,2.66606483457351,2.54929088758416,2.42352920918931,2.28886224769493,2.14547852584987,1.99365774748603,1.83374806847686,1.66613754857463,1.49122303214134,1.30938061638665,1.12094224493771,0.926182693955904,0.725320300578217,0.518533336636829,0.305992148913457,0.0879052930278359,-0.135423908434306,-0.363535471176979,-0.595751691539611,-0.831123614258762,-1.06839153227336,-1.30596505923083,-1.54192655731458,-1.77405928116103,-1.99989880068177,-2.2168035284868,-2.4220380018204,-2.61286140534978,-2.78661393717231,-2.94079502273732,-3.07312980098959
9.640282344,3.67244613006992,3.65927581163283,3.64421480568243,3.62700882848589,3.60737467303329,3.58499854023186,3.55953480715662,3.53060543669336,3.49780027334007,3.4606785071775,3.41877161566633,3.37158810198749,3.31862032742621,3.25935367001427,3.19327811780451,3.11990221049025,3.03876897194364,2.94947313545339,2.85167857869743,2.7451345064616,2.62968862038683,2.5052953895528,2.37201767851088,2.23002047176574,2.07955627298361,1.9209428916003,1.75453561016299,1.58069693494955,1.39976802820761,1.21204629601857,1.01777334388705,0.817136613468917,0.610286590666869,0.397369715626139,0.17857524490742,-0.0458074790554761,-0.275326427416364,-0.50930514117099,-0.746788579935445,-0.986503150016707,-1.22683655565537,-1.46584136368765,-1.70126372989689,-1.93059589269575,-2.15114823895887,-2.36013450206173,-2.55476242787397,-2.73232232330307,-2.89026729757881,-3.02628145073535
9.8370228,3.73880751192837,3.72582597613396,3.71098042025746,3.69402000396469,3.67466530627211,3.65260665770623,3.62750289658121,3.5989807491079,3.56663507258858,3.53003023735487,3.48870295010092,3.44216683003877,3.38991902844868,3.33144911821175,3.26625035867871,3.19383325079532,3.11374103232048,3.02556643001291,2.92896861006718,2.82368889851863,2.70956355279147,2.586531744927,2.45463705917453,2.31402128120823,2.16491008017174,2.00759129769827,1.84238781460084,1.66962815322863,1.48961885469129,1.30262304226446,1.10884932902021,0.90845434758485,0.701560780269686,0.488291030074773,0.268814806811555,0.0434071088654031,-0.187488463185198,-0.423197262330712,-0.662758802977202,-0.904886288392889,-1.14794620621214,-1.38996199284601,-1.62864330602372,-1.86143955780788,-2.08561349573366,-2.29832830442777,-2.49674041380003,-2.67809023965299,-2.83978447019713,-2.97946597960497
